﻿wrds,mneu
W_110150111,fm1
W_110150112,fm2
W_110150114,fmscu
W_110150194,fmrra
W_110150195,fmrnba
W_161219995,fclnbw
W_161220187,fclbmc
W_161220098,ccinrv
W_110150192,fyff
W_15361092,cp90
W_14388434,fygm3
W_14388435,fygm6
W_14388939,fygt1
W_14388942,fygt5
W_14388944,fygt10
W_15291400,exrus
W_14388605,exrsw
W_14388603,exrjan
W_14388606,exruk
W_14388602,exrcan
W_14388953,fspcom
W_14389036,fspin
W_14586913,eleout
W_14587618,rawste
W_15183685,rttotc
W_14586914,rtc1in
W_17358952,rigcou
W_110151114,uiinit
W_135554502,uicont
W_14585988,redboo
W_14584699,wtioil
W_110150171,crbcom
W_115034346,altot1
W_12736746,indmar